{
  "brake": {
    "mu": 7.354669445518303,
    "sigma": 0.20848151286282188,
    "alpha": 0.2546674233479186,
    "prior": 0.3932038834951456
  },
  "turn": {
    "mu": 4.168762346631853,
    "sigma": 0.45080285319839347,
    "alpha": 0.5850250910941845,
    "prior": 0.36893203883495146
  },
  "cruise": {
    "mu": 5.750621214104088,
    "sigma": 0.4473654679019947,
    "alpha": 0.4317493173337383,
    "prior": 0.23786407766990292
  }
}